parcelid,sampleid,streetaddress,year,saledate,yearbuilt,quarter,month,bedroom,fullbath,halfbath,totalbath,floorsizesqft,saleprice,lotsizenetacres,type,ranch,buildingstyle,nonindividualseller,neighborhood,parcelsection,age
411434251009,1,675 MANHATTAN RD SE,2018,1/11/2018,1963,1,1,4,4,2,5,4134,1200000,0.46,2-floor,0,LG TWO STORY,0,NBHD 9 NEAR LAKES,34,55
411803306039,2,2521 ARUNDEL RD SE,2018,1/12/2018,1992,1,1,5,4,0,4,1982,301625,0.25,2-floor,0,TWO STORY,0,NBHD 12 BRETON/NORFOLK SE,3,26
411428353015,3,332 ROSEWOOD AVE SE,2018,1/12/2018,1924,1,1,4,1,1,1.5,1708,288000,0.11,2-floor,0,MED. TWO STORY,0,NBHD 2 SHERMAN/ROBINSON/PLYMOUTH NW,28,94
411803259002,4,1520 RIDGEWOOD AVE SE,2018,1/15/2018,1953,1,1,3,2,1,2.5,1584,360000,0.19,RANCH,1,RANCH,0,NBHD 17 SE,3,65
411433252021,5,705 CROSWELL AVE SE,2018,1/15/2018,2018,1,1,4,3,1,3.5,2880,280000,0.15,2-floor,0,MED. TWO STORY,1,NBHD 2 SHERMAN/ROBINSON/PLYMOUTH NW,33,0
411803151022,6,2515 MAPLEWOOD DR SE,2018,1/16/2018,1951,1,1,4,3,0,3,2614,720000,0.39,2-floor,0,MED. TWO STORY,0,NBHD 11 WOOD STS SE,3,67
411803152003,7,2415 RICHARDS DR SE,2018,1/16/2018,1927,1,1,4,2,1,2.5,2598,525000,0.35,2-floor,0,MED. TWO STORY,0,NBHD 18 BOSTON/GRIGGS SW,3,91
411803206010,8,2960 OAKWOOD DR SE,2018,1/18/2018,1962,1,1,4,2,1,2.5,2151,375000,0.26,2-floor,0,TWO STORY,0,NBHD 17 SE,3,56
411433457016,9,2109 CORONADO DR SE,2018,1/18/2018,1958,1,1,4,2,0,2,1554,345000,0.22,3-floor,0,TRI-LEVEL,0,NBHD 5 LAKE/BRETON/HALL CENTER,33,60
411433103038,10,454 ROSEWOOD AVE SE,2018,1/25/2018,1908,1,1,2,1,1,1.5,1148,222000,0.11,2-floor,0,MED. TWO STORY,0,NBHD 2 SHERMAN/ROBINSON/PLYMOUTH NW,33,110
411434377001,11,1122 CONLON DR SE,2018,1/29/2018,1924,1,1,4,2,2,3,2613,495500,0.56,2-floor,0,MED. TWO STORY,0,NBHD 16 HALL/BRETON/LAKE CENTER,34,94
411803183009,12,2726 ALBERT DR SE,2018,1/29/2018,1953,1,1,2,1,0,1,956,178000,0.17,RANCH,1,RANCH,0,NBHD 7 BRETON S,3,65
411434352006,13,964 KENESAW DR SE,2018,1/3/2018,1925,1,1,3,2,1,2.5,1365,245000,0.1,2-floor,0,MED. TWO STORY,0,NBHD 16 HALL/BRETON/LAKE CENTER,34,93
411803128013,14,2559 ELMWOOD DR SE,2018,1/31/2018,1949,1,1,4,3,2,4,3145,699900,0.27,2-floor,0,LG TWO STORY,0,NBHD 11 WOOD STS SE,3,69
411803326021,15,2649 HAMPSHIRE BLVD SE,2018,10/10/2018,1964,4,10,4,2,1,2.5,2174,409000,0.26,2-floor,0,TWO STORY,0,NBHD 12 BRETON/NORFOLK SE,3,54
411803180023,16,2565 ALBERT DR SE,2018,10/10/2018,1938,4,10,3,1,1,1.5,1396,319000,0.13,2-floor,0,MED. TWO STORY,0,NBHD 7 BRETON S,3,80
411433455016,17,2211 EL DORADO DR SE,2018,10/11/2018,1957,4,10,3,3,0,3,1581,400000,0.26,2-floor,0,MED. TWO STORY,0,NBHD 5 LAKE/BRETON/HALL CENTER,33,61
411433251015,18,647 LOVETT AVE SE,2018,10/11/2018,1920,4,10,4,2,1,2.5,2616,352000,0.16,2-floor,0,TWO STORY,1,NBHD 21 DUPLEXES,33,98
411804279027,19,2213 BOSTON ST SE,2018,10/12/2018,1963,4,10,4,3,0,3,1600,280000,0.19,RANCH,1,RANCH,0,NBHD 14 MAIN ROADS,4,55
411428452001,20,309 LAKESIDE DR SE,2018,10/15/2018,1955,4,10,2,2,0,2,1872,453250,0.29,RANCH,1,RANCH,0,NBHD 9 NEAR LAKES,28,63
411433376004,21,1062 PLYMOUTH RD SE,2018,10/17/2018,1952,4,10,4,2,1,2.5,2516,420000,0.33,2-floor,0,TWO STORY,0,NBHD 4 HALL/PLYMOUTH W,33,66
411803151008,22,2446 ELMWOOD DR SE,2018,10/17/2018,1948,4,10,4,2,1,2.5,2412,360000,0.28,2-floor,0,TWO STORY,0,NBHD 11 WOOD STS SE,3,70
411433426028,23,834 ROSS CT SE,2018,10/18/2018,1900,4,10,2,1,1,1.5,816,280000,0.12,2-floor,0,MED. TWO STORY,0,NBHD 2 SHERMAN/ROBINSON/PLYMOUTH NW,33,118
411433427003,24,855 LAKESIDE DR SE,2018,10/19/2018,1909,4,10,5,2,1,2.5,2854,550000,0.25,2-floor,0,TWO STORY,0,NBHD 5 LAKE/BRETON/HALL CENTER,33,109
411433151028,25,1603 FRANKLIN ST SE,2018,10/19/2018,1925,4,10,3,1,1,1.5,1577,255000,0.11,2-floor,0,TWO STORY,0,NBHD 1 ROBINSON/FRANKLIN/GLADSTONE NW,33,93
411803327028,26,2755 BERWYCK RD SE,2018,10/24/2018,1977,4,10,3,2,1,2.5,1620,395000,0.27,2-floor,0,TWO STORY,0,NBHD 12 BRETON/NORFOLK SE,3,41
411428352013,27,328 GLADSTONE AVE SE,2018,10/26/2018,1925,4,10,3,1,1,1.5,1476,195000,0.11,2-floor,0,TWO STORY,0,NBHD 1 ROBINSON/FRANKLIN/GLADSTONE NW,28,93
411433128008,28,1862 SHERMAN ST SE,2018,10/29/2018,1927,4,10,5,3,1,3.5,2866,596250,0.19,2-floor,0,MED. TWO STORY,0,NBHD 2 SHERMAN/ROBINSON/PLYMOUTH NW,33,91
411428352033,29,1621 WEALTHY ST SE,2018,10/29/2018,1927,4,10,4,2,0,2,2376,325000,0.11,2-floor,0,TWO STORY,1,NBHD 21 DUPLEXES,28,91
411803303003,30,1720 YORK DR SE,2018,10/30/2018,1952,4,10,4,2,1,2.5,2310,425000,0.19,2-floor,0,TWO STORY,0,NBHD 12 BRETON/NORFOLK SE,3,66
411428351003,31,1604 ROBINSON RD SE,2018,10/31/2018,1894,4,10,4,2,0,2,1792,325000,0.11,2-floor,0,MED. TWO STORY,0,NBHD 14 MAIN ROADS,28,124
411433128001,32,562 PLYMOUTH RD SE,2018,10/4/2018,1931,4,10,4,2,1,2.5,3094,541094,0.44,2-floor,0,TWO STORY,0,NBHD 3 ROBINSON/PLYMOUTH/HALL NW,33,87
411803227014,33,3132 SOUTHSHIRE AVE SE,2018,10/5/2018,1966,4,10,5,3,1,3.5,2600,530000,0.67,RANCH,1,RANCH,0,NBHD 17 SE,3,52
411433476005,34,2234 ARGENTINA DR SE,2018,11/1/2018,1924,4,11,4,1,0,1,1280,329000,0.13,2-floor,0,MED. TWO STORY,0,NBHD 5 LAKE/BRETON/HALL CENTER,33,94
411433188001,35,681 LAUREL CIRCLE SE,2018,11/15/2018,1888,4,11,5,2,2,3,5418,1130000,1.68,2-floor,0,LG TWO STORY,0,NBHD 20 LAKE/ARGENTINA WEST,33,130
411433376005,36,1104 PLYMOUTH RD SE,2018,11/15/2018,1948,4,11,4,2,1,2.5,2634,500000,0.22,2-floor,0,TWO STORY,0,NBHD 4 HALL/PLYMOUTH W,33,70
411433106015,37,515 GLADSTONE AVE SE,2018,11/15/2018,1924,4,11,3,2,1,2.5,1980,397000,0.14,2-floor,0,MED. TWO STORY,0,NBHD 2 SHERMAN/ROBINSON/PLYMOUTH NW,33,94
411433355004,38,1056 CAMBRIDGE DR SE,2018,11/16/2018,1950,4,11,3,3,1,3.5,2191,350000,0.53,RANCH,1,RANCH,0,NBHD 3 ROBINSON/PLYMOUTH/HALL NW,33,68
411434328006,39,964 PRINCETON BLVD SE,2018,11/19/2018,1951,4,11,4,2,1,2.5,2179,665000,0.37,2-floor,0,TWO STORY,0,NBHD 9 NEAR LAKES,34,67
411433476001,40,2214 ARGENTINA DR SE,2018,11/19/2018,1929,4,11,4,1,1,1.5,1329,320000,0.16,2-floor,0,MED. TWO STORY,0,NBHD 5 LAKE/BRETON/HALL CENTER,33,89
411428376005,41,2020 ROBINSON RD SE,2018,11/2/2018,1959,4,11,3,3,3,4.5,4634,1500000,2.31,RANCH,1,RANCH,0,NBHD 10 LAKES,28,59
411433426030,42,2226 LAKE DR SE,2018,11/20/2018,1923,4,11,3,3,1,3.5,2372,800000,0.12,2-floor,0,MED. TWO STORY,1,NBHD 14 MAIN ROADS,33,95
411433426033,43,2242 LAKE DR SE,2018,11/20/2018,1961,4,11,4,3,0,3,2631,449900,0.2,3-floor,0,TRI-LEVEL,0,NBHD 14 MAIN ROADS,33,57
411427377006,44,148 EL CENTRO BLVD SE,2018,11/21/2018,1950,4,11,5,2,1,2.5,1957,467000,0.37,RANCH,1,RANCH,0,NBHD 8 NORTH OF LAKES,27,68
411428353033,45,1647 WEALTHY ST SE,2018,11/26/2018,1924,4,11,3,1,1,1.5,1558,295000,0.16,2-floor,0,MED. TWO STORY,0,NBHD 14 MAIN ROADS,28,94
411433152008,46,626 GLADSTONE AVE SE,2018,11/27/2018,1924,4,11,3,1,1,1.5,1476,271600,0.1,2-floor,0,TWO STORY,0,NBHD 1 ROBINSON/FRANKLIN/GLADSTONE NW,33,94
411433255006,47,750 SAN JOSE DR SE,2018,11/28/2018,1939,4,11,5,5,1,5.5,2856,695000,0.38,2-floor,0,TWO STORY,0,NBHD 20 LAKE/ARGENTINA WEST,33,79
411433354008,48,1629 SEMINOLE RD SE,2018,11/28/2018,1944,4,11,3,1,1,1.5,1982,290000,0.15,2-floor,0,TWO STORY,0,NBHD 3 ROBINSON/PLYMOUTH/HALL NW,33,74
411804405004,49,2134 ENGLEWOOD DR SE,2018,11/29/2018,1947,4,11,3,1,1,1.5,1612,305000,0.19,2-floor,0,MED. TWO STORY,0,NBHD 18 BOSTON/GRIGGS SW,4,71
411433202010,50,563 BELVEDERE DR SE,2018,11/30/2018,1927,4,11,4,4,1,4.5,3424,995000,0.29,2-floor,0,LG TWO STORY,0,NBHD 9 NEAR LAKES,33,91
411433327018,51,1909 ARGENTINA DR SE,2018,11/30/2018,1954,4,11,4,2,0,2,2228,548000,0.37,RANCH,1,RANCH,0,NBHD 20 LAKE/ARGENTINA WEST,33,64
411433454001,52,1008 FLORAL AVE SE,2018,11/30/2018,1940,4,11,4,2,1,2.5,1920,389000,0.17,2-floor,0,MED. TWO STORY,0,NBHD 5 LAKE/BRETON/HALL CENTER,33,78
411804404006,53,1781 WARWICK RD SE,2018,11/30/2018,1948,4,11,3,1,0,1,1006,214900,0.15,2-floor,0,MED. TWO STORY,0,NBHD 18 BOSTON/GRIGGS SW,4,70
411803206003,54,2943 LAKE DR SE,2018,11/8/2018,1951,4,11,4,3,1,3.5,2026,539000,0.26,2-floor,0,MED. TWO STORY,0,NBHD 14 MAIN ROADS,3,67
411434356036,55,1139 EASTWOOD AVE SE,2018,11/9/2018,1950,4,11,3,1,1,1.5,1402,284000,0.15,2-floor,0,MED. TWO STORY,0,NBHD 16 HALL/BRETON/LAKE CENTER,34,68
411434352004,56,2514 LAKE DR SE,2018,11/9/2018,1900,4,11,4,1,1,1.5,1744,245000,0.18,2-floor,0,MED. TWO STORY,0,NBHD 14 MAIN ROADS,34,118
411433457014,57,2073 CORONADO DR SE,2018,12/10/2018,1960,4,12,3,1,1,1.5,1600,325000,0.18,2-floor,0,MED. TWO STORY,0,NBHD 5 LAKE/BRETON/HALL CENTER,33,58
411433176042,58,710 CARDINAL DR SE,2018,12/14/2018,1967,4,12,4,3,1,3.5,3313,800000,1.17,2-floor,0,TWO STORY,0,NBHD 20 LAKE/ARGENTINA WEST,33,51
411804407014,59,1628 AMBERLEY CT SE,2018,12/18/2018,2011,4,12,4,3,1,3.5,2118,735000,0.22,2-floor,0,TWO STORY,0,NBHD 22 AMBERLEY CT,4,7
411433128002,60,1824 SHERMAN ST SE,2018,12/18/2018,1922,4,12,4,3,0,3,2404,615000,0.12,2-floor,0,MED. TWO STORY,0,NBHD 2 SHERMAN/ROBINSON/PLYMOUTH NW,33,96
411434476013,61,3065 WOODCLIFF CIR SE,2018,12/18/2018,1957,4,12,2,1,1,1.5,1494,300000,0.14,2-floor,0,TWO STORY,0,NBHD 9 NEAR LAKES,34,61
411427483005,62,324 KINGSWOOD RD SE,2018,12/19/2018,1987,4,12,3,2,0,2,992,235000,0.22,RANCH,1,RANCH,0,NBHD 8 NORTH OF LAKES,27,31
411434352008,63,1008 KENESAW DR SE,2018,12/20/2018,1926,4,12,4,2,1,2.5,1974,475000,0.15,2-floor,0,MED. TWO STORY,0,NBHD 16 HALL/BRETON/LAKE CENTER,34,92
411804427003,64,2246 BOSTON ST SE,2018,12/20/2018,1959,4,12,3,1,1,1.5,1536,295000,0.18,2-floor,0,MED. TWO STORY,0,NBHD 14 MAIN ROADS,4,59
411803101005,65,2444 HALL ST SE,2018,12/20/2018,1951,4,12,3,1,1,1.5,2088,284500,0.25,2-floor,0,TWO STORY,0,NBHD 11 WOOD STS SE,3,67
411434329007,66,2747 DARBY AVE SE,2018,12/21/2018,1946,4,12,5,4,2,5,5616,2350000,0.89,2-floor,0,LG TWO STORY,0,NBHD 10 LAKES,34,72
411803180030,67,2625 ALBERT DR SE,2018,12/21/2018,1935,4,12,4,2,1,2.5,2111,290000,0.27,2-floor,0,MED. TWO STORY,0,NBHD 7 BRETON S,3,83
411433102002,68,1608 WEALTHY ST SE,2018,12/21/2018,1904,4,12,3,1,1,1.5,1534,232000,0.11,2-floor,0,MED. TWO STORY,0,NBHD 14 MAIN ROADS,33,114
411434355019,69,1053 LAKE GROVE AVE SE,2018,12/28/2018,1947,4,12,4,2,1,2.5,2062,352000,0.14,2-floor,0,MED. TWO STORY,0,NBHD 16 HALL/BRETON/LAKE CENTER,34,71
411433106013,70,561 GLADSTONE AVE SE,2018,12/28/2018,1924,4,12,3,1,2,2,1456,298000,0.17,2-floor,0,TWO STORY,0,NBHD 1 ROBINSON/FRANKLIN/GLADSTONE NW,33,94
411803302003,71,1622 YORK DR SE,2018,12/28/2018,1957,4,12,3,2,1,2.5,2145,245000,0.24,2-floor,0,TWO STORY,0,NBHD 12 BRETON/NORFOLK SE,3,61
411434352005,72,965 LAKE GROVE AVE SE,2018,12/28/2018,1956,4,12,3,1,0,1,1257,240000,0.19,RANCH,1,RANCH,0,NBHD 16 HALL/BRETON/LAKE CENTER,34,62
411803304005,73,1750 BRETON RD SE,2018,12/28/2018,1947,4,12,3,1,1,1.5,1728,232000,0.18,2-floor,0,MED. TWO STORY,0,NBHD 14 MAIN ROADS,3,71
411433452002,74,2040 ARGENTINA DR SE,2018,12/7/2018,1948,4,12,4,2,1,2.5,2424,715000,0.13,2-floor,0,TWO STORY,1,NBHD 5 LAKE/BRETON/HALL CENTER,33,70
411433108014,75,540 ROSEWOOD AVE SE,2018,2/1/2018,1924,1,2,4,2,1,2.5,2356,416800,0.22,2-floor,0,MED. TWO STORY,0,NBHD 2 SHERMAN/ROBINSON/PLYMOUTH NW,33,94
411433403008,76,902 FLORAL AVE SE,2018,2/13/2018,1926,1,2,3,3,1,3.5,2736,750000,0.24,2-floor,0,TWO STORY,0,NBHD 5 LAKE/BRETON/HALL CENTER,33,92
411433479009,77,1119 ORCHARD AVE SE,2018,2/13/2018,1950,1,2,3,2,0,2,1223,276000,0.13,2-floor,0,MED. TWO STORY,0,NBHD 5 LAKE/BRETON/HALL CENTER,33,68
411433352008,78,1041 CAMBRIDGE DR SE,2018,2/14/2018,1949,1,2,4,2,2,3,2279,311105,0.21,2-floor,0,TWO STORY,0,NBHD 3 ROBINSON/PLYMOUTH/HALL NW,33,69
411427483018,79,3118 CASCADE RD SE,2018,2/15/2018,1980,1,2,3,2,0,2,1760,190000,0.24,3-floor,0,TRI-LEVEL,0,NBHD 14 MAIN ROADS,27,38
411433379004,80,1030 SAN LUCIA DR SE,2018,2/20/2018,1930,1,2,4,2,1,2.5,2742,542000,0.2,2-floor,0,TWO STORY,0,NBHD 4 HALL/PLYMOUTH W,33,88
411803103004,81,2416 OAKWOOD DR SE,2018,2/20/2018,1953,1,2,3,2,0,2,1848,324000,0.27,2-floor,0,MED. TWO STORY,0,NBHD 11 WOOD STS SE,3,65
411433429024,82,941 OGDEN AVE SE,2018,2/22/2018,1924,1,2,4,3,0,3,2194,395000,0.14,2-floor,0,TWO STORY,0,NBHD 5 LAKE/BRETON/HALL CENTER,33,94
411804280010,83,1510 EASTLAWN RD SE,2018,2/23/2018,1969,1,2,4,2,1,2.5,1940,320000,0.25,2-floor,0,MED. TWO STORY,0,NBHD 18 BOSTON/GRIGGS SW,4,49
411804206016,84,1336 CORNELL AVE SE,2018,2/28/2018,1972,1,2,4,2,1,2.5,2628,442000,0.37,2-floor,0,TWO STORY,0,NBHD 6 HALL/BRETON SW,4,46
411803205007,85,2850 OAKWOOD DR SE,2018,2/28/2018,1950,1,2,3,2,0,2,1586,357600,0.28,RANCH,1,RANCH,0,NBHD 11 WOOD STS SE,3,68
411433251010,86,2104 WEALTHY ST SE,2018,2/28/2018,1923,1,2,4,1,1,1.5,1608,325000,0.1,2-floor,0,MED. TWO STORY,0,NBHD 14 MAIN ROADS,33,95
411804205004,87,2146 ANDERSON DR SE,2018,2/28/2018,1948,1,2,3,2,0,2,1154,300000,0.21,RANCH,1,RANCH,0,NBHD 6 HALL/BRETON SW,4,70
411433380009,88,1861 HALL ST SE,2018,2/28/2018,1947,1,2,3,1,2,2,1538,249000,0.2,2-floor,0,MED. TWO STORY,0,NBHD 14 MAIN ROADS,33,71
411433203022,89,2035 WEALTHY ST SE,2018,2/8/2018,1919,1,2,3,1,1,1.5,1424,292600,0.15,2-floor,0,MED. TWO STORY,0,NBHD 14 MAIN ROADS,33,99
411427377012,90,133 REXFORD DR SE,2018,2/9/2018,1950,1,2,3,2,0,2,1236,285000,0.25,RANCH,1,RANCH,0,NBHD 8 NORTH OF LAKES,27,68
411803328053,91,1754 CONLON AVE SE,2018,2/9/2018,1973,1,2,4,2,1,2.5,1632,275000,0.34,2-floor,0,TWO STORY,1,NBHD 12 BRETON/NORFOLK SE,3,45
411803181013,92,2738 RICHARDS DR SE,2018,2/9/2018,1952,1,2,3,2,0,2,1041,240000,0.16,2-floor,0,MED. TWO STORY,0,NBHD 7 BRETON S,3,66
411433253027,93,2135 LAKE DR SE,2018,2/9/2018,1902,1,2,3,1,1,1.5,1882,239999,0.11,2-floor,0,MED. TWO STORY,0,NBHD 14 MAIN ROADS,33,116
411433309025,94,976 CAMBRIDGE DR SE,2018,3/16/2018,1928,1,3,4,4,1,4.5,3004,552500,0.23,2-floor,0,LG TWO STORY,0,NBHD 3 ROBINSON/PLYMOUTH/HALL NW,33,90
411434328006,95,964 PRINCETON BLVD SE,2018,3/2/2018,1951,1,3,4,2,1,2.5,2179,425000,0.37,2-floor,0,TWO STORY,0,NBHD 9 NEAR LAKES,34,67
411433152023,96,647 ROSEWOOD AVE SE,2018,3/2/2018,1925,1,3,3,1,1,1.5,1392,236600,0.08,2-floor,0,TWO STORY,0,NBHD 1 ROBINSON/FRANKLIN/GLADSTONE NW,33,93
411434376026,97,1131 CONLON DR SE,2018,3/20/2018,1956,1,3,4,2,1,2.5,2065,430000,0.2,2-floor,0,MED. TWO STORY,0,NBHD 16 HALL/BRETON/LAKE CENTER,34,62
411804230010,98,2225 ELMWOOD DR SE,2018,3/26/2018,1965,1,3,4,2,1,2.5,2124,389900,0.17,2-floor,0,TWO STORY,0,NBHD 6 HALL/BRETON SW,4,53
411804277004,99,2216 ESTELLE DR SE,2018,3/26/2018,1949,1,3,3,1,0,1,1082,209000,0.14,2-floor,0,MED. TWO STORY,0,NBHD 7 BRETON S,4,69
411433152016,100,617 ROSEWOOD AVE SE,2018,3/28/2018,1929,1,3,5,1,1,1.5,1880,302500,0.12,2-floor,0,TWO STORY,0,NBHD 1 ROBINSON/FRANKLIN/GLADSTONE NW,33,89
411433429017,101,911 OGDEN AVE SE,2018,3/29/2018,1929,1,3,3,2,0,2,1836,420000,0.14,2-floor,0,MED. TWO STORY,0,NBHD 5 LAKE/BRETON/HALL CENTER,33,89
411804278007,102,2232 AUDOBON DR SE,2018,3/29/2018,1950,1,3,3,1,0,1,891,185000,0.14,RANCH,1,RANCH,0,NBHD 7 BRETON S,4,68
411804278014,103,2211 HEATHER ST SE,2018,3/30/2018,1960,1,3,4,3,0,3,1746,370000,0.23,3-floor,0,TRI-LEVEL,0,NBHD 18 BOSTON/GRIGGS SW,4,58
411433103042,104,451 BRIARWOOD AVE SE,2018,3/6/2018,1923,1,3,4,2,1,2.5,1561,320000,0.1,2-floor,0,MED. TWO STORY,0,NBHD 2 SHERMAN/ROBINSON/PLYMOUTH NW,33,95
411804207007,105,1340 LENOX RD SE,2018,3/7/2018,1951,1,3,3,3,0,3,1910,415000,0.22,3-floor,0,TRI-LEVEL,0,NBHD 6 HALL/BRETON SW,4,67
411804204010,106,2145 ANDERSON DR SE,2018,3/8/2018,1948,1,3,3,2,1,2.5,1565,325000,0.19,RANCH,1,RANCH,0,NBHD 6 HALL/BRETON SW,4,70
411803179021,107,2719 RICHARDS DR SE,2018,3/8/2018,1951,1,3,3,1,0,1,1018,245000,0.12,2-floor,0,MED. TWO STORY,0,NBHD 7 BRETON S,3,67
411434453012,108,3004 WOODCLIFF CIR SE,2018,3/9/2018,1955,1,3,4,3,1,3.5,3458,615000,0.72,RANCH,1,RANCH,0,NBHD 9 NEAR LAKES,34,63
411434301020,109,2519 LAKE DR SE,2018,4/10/2018,1929,2,4,3,1,1,1.5,1388,255000,0.19,2-floor,0,MED. TWO STORY,0,NBHD 14 MAIN ROADS,34,89
411433307028,110,935 ROSEWOOD DR SE,2018,4/11/2018,1935,2,4,4,2,1,2.5,2592,589000,0.39,2-floor,0,TWO STORY,0,NBHD 3 ROBINSON/PLYMOUTH/HALL NW,33,83
411803302006,111,2530 BOSTON ST SE,2018,4/11/2018,1957,2,4,3,2,0,2,1869,443115,0.39,RANCH,1,RANCH,0,NBHD 12 BRETON/NORFOLK SE,3,61
411803152021,112,2501 RICHARDS DR SE,2018,4/11/2018,1949,2,4,3,2,0,2,1077,242000,0.13,2-floor,0,MED. TWO STORY,0,NBHD 7 BRETON S,3,69
411433451019,113,1049 SAN JUAN DR SE,2018,4/13/2018,1954,2,4,4,2,1,2.5,1750,372500,0.17,2-floor,0,MED. TWO STORY,0,NBHD 5 LAKE/BRETON/HALL CENTER,33,64
411804231006,114,2332 OAKWOOD DR SE,2018,4/16/2018,1947,2,4,4,2,1,2.5,1860,492000,0.25,2-floor,0,TWO STORY,0,NBHD 6 HALL/BRETON SW,4,71
411434277003,115,3028 MANHATTAN LN SE,2018,4/20/2018,2005,2,4,4,3,1,3.5,2779,2300000,1.35,RANCH,1,RANCH,0,NBHD 10 LAKES,34,13
411803126030,116,2627 BEECHWOOD DR SE,2018,4/20/2018,1954,2,4,4,3,1,3.5,3056,567500,0.56,2-floor,0,LG TWO STORY,0,NBHD 11 WOOD STS SE,3,64
411434476024,117,1151 IDEMA DR SE,2018,4/20/2018,1948,2,4,3,1,0,1,1457,256000,0.14,2-floor,0,TWO STORY,0,NBHD 9 NEAR LAKES,34,70
411804434009,118,2334 ENGLEWOOD DR SE,2018,4/23/2018,1929,2,4,3,1,1,1.5,1790,320500,0.2,2-floor,0,MED. TWO STORY,0,NBHD 18 BOSTON/GRIGGS SW,4,89
411803153011,119,1547 GROTON RD SE,2018,4/24/2018,1940,2,4,3,1,1,1.5,1536,362000,0.15,2-floor,0,TWO STORY,0,NBHD 12 BRETON/NORFOLK SE,3,78
411434303014,120,2419 GILMOUR ST SE,2018,4/25/2018,1929,2,4,3,2,1,2.5,1810,315250,0.14,2-floor,0,MED. TWO STORY,0,NBHD 16 HALL/BRETON/LAKE CENTER,34,89
411434355032,121,1155 LAKE GROVE AVE SE,2018,4/25/2018,1942,2,4,2,2,0,2,830,269500,0.2,RANCH,1,RANCH,0,NBHD 16 HALL/BRETON/LAKE CENTER,34,76
411433480018,122,1145 LAKESIDE DR SE,2018,4/25/2018,1940,2,4,3,1,0,1,1255,222000,0.13,2-floor,0,MED. TWO STORY,0,NBHD 5 LAKE/BRETON/HALL CENTER,33,78
411434354007,123,1114 KENEBERRY WAY SE,2018,4/26/2018,1942,2,4,3,2,0,2,1154,330100,0.14,RANCH,1,RANCH,0,NBHD 16 HALL/BRETON/LAKE CENTER,34,76
411434354001,124,1044 KENEBERRY WAY SE,2018,4/27/2018,1947,2,4,3,3,0,3,1734,355000,0.15,RANCH,1,RANCH,0,NBHD 16 HALL/BRETON/LAKE CENTER,34,71
411433203023,125,2039 WEALTHY ST SE,2018,4/30/2018,1929,2,4,2,1,1,1.5,1248,295000,0.16,2-floor,0,MED. TWO STORY,0,NBHD 14 MAIN ROADS,33,89
411803327010,126,2740 HAMPSHIRE BLVD SE,2018,4/4/2018,1964,2,4,4,2,1,2.5,2208,445000,0.27,2-floor,0,TWO STORY,0,NBHD 12 BRETON/NORFOLK SE,3,54
411433307024,127,975 ROSEWOOD DR SE,2018,4/5/2018,1927,2,4,6,3,2,4,4459,860000,0.51,2-floor,0,LG TWO STORY,0,NBHD 3 ROBINSON/PLYMOUTH/HALL NW,33,91
411434303019,128,2450 LAKE DR SE,2018,4/5/2018,1941,2,4,3,3,0,3,1469,535000,0.19,RANCH,1,RANCH,0,NBHD 14 MAIN ROADS,34,77
411803153012,129,1555 GROTON RD SE,2018,4/9/2018,1960,2,4,3,2,1,2.5,1600,290000,0.15,2-floor,0,TWO STORY,0,NBHD 12 BRETON/NORFOLK SE,3,58
411803151014,130,2417 MAPLEWOOD DR SE,2018,5/1/2018,1930,2,5,4,2,1,2.5,2574,650000,0.29,2-floor,0,TWO STORY,0,NBHD 11 WOOD STS SE,3,88
411428353002,131,1650 ROBINSON RD SE,2018,5/1/2018,2013,2,5,4,3,1,3.5,2280,567500,0.19,2-floor,0,MED. TWO STORY,0,NBHD 14 MAIN ROADS,28,5
411434476015,132,1059 IDEMA DR SE,2018,5/1/2018,1955,2,5,4,2,1,2.5,2166,503500,0.17,2-floor,0,TWO STORY,0,NBHD 9 NEAR LAKES,34,63
411434377012,133,2639 HALL ST SE,2018,5/1/2018,1956,2,5,4,2,1,2.5,1832,385000,0.25,2-floor,0,MED. TWO STORY,0,NBHD 16 HALL/BRETON/LAKE CENTER,34,62
411433151020,134,719 GLADSTONE AVE SE,2018,5/1/2018,1926,2,5,3,1,1,1.5,1408,315000,0.09,2-floor,0,TWO STORY,0,NBHD 1 ROBINSON/FRANKLIN/GLADSTONE NW,33,92
411804277013,135,2260 ESTELLE DR SE,2018,5/1/2018,1949,2,5,2,1,0,1,1075,300000,0.15,2-floor,0,MED. TWO STORY,0,NBHD 7 BRETON S,4,69
411803103015,136,2415 ELMWOOD DR SE,2018,5/14/2018,1953,2,5,4,3,0,3,3222,739000,0.39,2-floor,0,LG TWO STORY,0,NBHD 11 WOOD STS SE,3,65
411803151005,137,2424 ELMWOOD DR SE,2018,5/14/2018,1954,2,5,3,2,1,2.5,1789,438000,0.25,RANCH,1,RANCH,0,NBHD 11 WOOD STS SE,3,64
411433428019,138,964 LAKESIDE DR SE,2018,5/14/2018,1932,2,5,3,1,1,1.5,1362,362000,0.14,2-floor,0,MED. TWO STORY,0,NBHD 5 LAKE/BRETON/HALL CENTER,33,86
411433403005,139,840 FLORAL AVE SE,2018,5/15/2018,1922,2,5,4,2,1,2.5,2713,658000,0.24,2-floor,0,TWO STORY,0,NBHD 5 LAKE/BRETON/HALL CENTER,33,96
411433403009,140,910 FLORAL AVE SE,2018,5/15/2018,1929,2,5,5,2,1,2.5,2442,650000,0.24,2-floor,0,TWO STORY,0,NBHD 5 LAKE/BRETON/HALL CENTER,33,89
411433306001,141,1602 MACKINAW RD SE,2018,5/15/2018,1929,2,5,4,2,1,2.5,2416,519000,0.16,2-floor,0,TWO STORY,0,NBHD 3 ROBINSON/PLYMOUTH/HALL NW,33,89
411433151017,142,709 GLADSTONE AVE SE,2018,5/15/2018,1925,2,5,3,1,1,1.5,1424,250000,0.09,2-floor,0,TWO STORY,0,NBHD 1 ROBINSON/FRANKLIN/GLADSTONE NW,33,93
411433152010,143,638 GLADSTONE AVE SE,2018,5/15/2018,1920,2,5,3,1,1,1.5,1008,215000,0.09,2-floor,0,TWO STORY,0,NBHD 1 ROBINSON/FRANKLIN/GLADSTONE NW,33,98
411803258005,144,1530 SHERWOOD AVE SE,2018,5/16/2018,1954,2,5,3,2,0,2,1282,212500,0.21,RANCH,1,RANCH,0,NBHD 17 SE,3,64
411434451011,145,2841 WOODCLIFF CIR SE,2018,5/18/2018,1972,2,5,4,4,1,4.5,2993,700000,0.5,2-floor,0,LG TWO STORY,0,NBHD 9 NEAR LAKES,34,46
411434353038,146,2423 HALL ST SE,2018,5/18/2018,1940,2,5,3,1,1,1.5,1576,290500,0.15,2-floor,0,MED. TWO STORY,0,NBHD 16 HALL/BRETON/LAKE CENTER,34,78
411804405018,147,2120 ENGLEWOOD DR SE,2018,5/21/2018,1948,2,5,4,1,1,1.5,1576,315000,0.24,RANCH,1,RANCH,0,NBHD 18 BOSTON/GRIGGS SW,4,70
411803304014,148,1766 BRETON RD SE,2018,5/23/2018,1947,2,5,3,1,2,2,1612,399900,0.47,2-floor,0,MED. TWO STORY,0,NBHD 14 MAIN ROADS,3,71
411433476002,149,2220 ARGENTINA DR SE,2018,5/24/2018,1929,2,5,3,2,1,2.5,1992,445000,0.13,2-floor,0,MED. TWO STORY,0,NBHD 5 LAKE/BRETON/HALL CENTER,33,89
411803202007,150,2922 HALL ST SE,2018,5/25/2018,1956,2,5,4,2,1,2.5,2480,421000,0.24,2-floor,0,TWO STORY,0,NBHD 17 SE,3,62
411434354009,151,1128 KENEBERRY WAY SE,2018,5/25/2018,1959,2,5,2,1,0,1,1282,315000,0.14,3-floor,0,TRI-LEVEL,0,NBHD 16 HALL/BRETON/LAKE CENTER,34,59
411433252030,152,2115 LAKE DR SE,2018,5/25/2018,1900,2,5,3,1,1,1.5,1380,220000,0.09,2-floor,0,MED. TWO STORY,1,NBHD 14 MAIN ROADS,33,118
411434328024,153,2720 DARBY AVE SE,2018,5/29/2018,1962,2,5,5,3,1,3.5,3933,1095000,0.67,2-floor,0,LG TWO STORY,0,NBHD 9 NEAR LAKES,34,56
411433401009,154,960 SAN LUCIA DR SE,2018,5/29/2018,1950,2,5,3,3,1,3.5,2659,454900,0.26,2-floor,0,TWO STORY,0,NBHD 20 LAKE/ARGENTINA WEST,33,68
411803151002,155,1422 BRETON RD SE,2018,5/3/2018,1929,2,5,3,3,1,3.5,1792,412000,0.25,2-floor,0,MED. TWO STORY,0,NBHD 14 MAIN ROADS,3,89
411433308006,156,934 ROSEWOOD DR SE,2018,5/31/2018,1942,2,5,4,3,2,4,2250,660000,0.28,2-floor,0,TWO STORY,0,NBHD 3 ROBINSON/PLYMOUTH/HALL NW,33,76
411803151009,157,2454 ELMWOOD DR SE,2018,5/4/2018,1948,2,5,4,2,1,2.5,2590,410000,0.29,2-floor,0,TWO STORY,0,NBHD 11 WOOD STS SE,3,70
411803178020,158,2611 RICHARDS DR SE,2018,5/4/2018,1951,2,5,3,1,0,1,988,182500,0.14,2-floor,0,MED. TWO STORY,0,NBHD 7 BRETON S,3,67
411433428013,159,938 LAKESIDE DR SE,2018,5/7/2018,1942,2,5,4,2,1,2.5,1890,435000,0.14,2-floor,0,MED. TWO STORY,0,NBHD 5 LAKE/BRETON/HALL CENTER,33,76
411434353040,160,2437 HALL ST SE,2018,5/7/2018,1941,2,5,4,2,0,2,1802,325000,0.15,2-floor,0,MED. TWO STORY,0,NBHD 16 HALL/BRETON/LAKE CENTER,34,77
411434276015,161,3131 MANHATTAN LN SE,2018,5/9/2018,1969,2,5,5,3,1,3.5,3024,850000,0.92,2-floor,0,LG TWO STORY,0,NBHD 9 NEAR LAKES,34,49
411433109003,162,552 CAMBRIDGE BLVD SE,2018,6/1/2018,1914,2,6,4,3,2,4,4770,999500,0.86,2-floor,0,LG TWO STORY,0,NBHD 3 ROBINSON/PLYMOUTH/HALL NW,33,104
411804254019,163,1507 PINECREST AVE SE,2018,6/1/2018,1960,2,6,3,2,1,2.5,1544,405000,0.24,3-floor,0,TRI-LEVEL,0,NBHD 18 BOSTON/GRIGGS SW,4,58
411804231016,164,1345 BRETON RD SE,2018,6/10/2018,1929,2,6,5,3,1,3.5,3305,500000,0.25,2-floor,0,LG TWO STORY,0,NBHD 14 MAIN ROADS,4,89
411433303003,165,801 CAMBRIDGE DR SE,2018,6/15/2018,1928,2,6,5,3,1,3.5,3416,535000,0.28,2-floor,0,LG TWO STORY,0,NBHD 3 ROBINSON/PLYMOUTH/HALL NW,33,90
411803151006,166,2430 ELMWOOD DR SE,2018,6/15/2018,1954,2,6,3,2,1,2.5,1853,365000,0.26,RANCH,1,RANCH,0,NBHD 11 WOOD STS SE,3,64
411433480009,167,1154 ORCHARD AVE SE,2018,6/15/2018,1954,2,6,3,1,0,1,1275,272000,0.13,2-floor,0,MED. TWO STORY,0,NBHD 5 LAKE/BRETON/HALL CENTER,33,64
411428352004,168,293 ROSEWOOD AVE SE,2018,6/15/2018,1909,2,6,3,1,1,1.5,1242,259500,0.04,2-floor,0,MED. TWO STORY,0,NBHD 2 SHERMAN/ROBINSON/PLYMOUTH NW,28,109
411434251003,169,2946 PIONEER CLUB RD SE,2018,6/18/2018,1961,2,6,4,3,1,3.5,3810,1120000,0.69,2-floor,0,LG TWO STORY,0,NBHD 9 NEAR LAKES,34,57
411804277010,170,2246 ESTELLE DR SE,2018,6/18/2018,1949,2,6,4,2,0,2,1070,269900,0.13,2-floor,0,MED. TWO STORY,0,NBHD 7 BRETON S,4,69
411804404002,171,1761 WARWICK RD SE,2018,6/20/2018,1948,2,6,3,2,0,2,1314,281250,0.18,2-floor,0,MED. TWO STORY,0,NBHD 18 BOSTON/GRIGGS SW,4,70
411434277009,172,3134 MANHATTAN LN SE,2018,6/21/2018,1979,2,6,6,4,1,4.5,3740,1425000,0.9,RANCH,1,RANCH,0,NBHD 10 LAKES,34,39
411433154036,173,735 CAMBRIDGE BLVD SE,2018,6/22/2018,1953,2,6,3,2,0,2,2054,525000,0.43,RANCH,1,RANCH,0,NBHD 3 ROBINSON/PLYMOUTH/HALL NW,33,65
411433105014,174,1719 LAKE DR SE,2018,6/22/2018,1948,2,6,4,2,0,2,1419,365000,0.38,RANCH,1,RANCH,0,NBHD 14 MAIN ROADS,33,70
411433430020,175,959 BRETON RD SE,2018,6/22/2018,1950,2,6,3,2,1,2.5,1292,248000,0.14,2-floor,0,MED. TWO STORY,0,NBHD 14 MAIN ROADS,33,68
411434476025,176,3045 HALL ST SE,2018,6/22/2018,1949,2,6,3,1,0,1,1051,144900,0.2,RANCH,1,RANCH,0,NBHD 9 NEAR LAKES,34,69
411433401004,177,900 SAN LUCIA DR SE,2018,6/25/2018,1949,2,6,4,3,1,3.5,4675,1180000,1.14,2-floor,0,LG TWO STORY,0,NBHD 20 LAKE/ARGENTINA WEST,33,69
411428452013,178,349 LAKESIDE DR SE,2018,6/25/2018,1990,2,6,3,2,0,2,2203,385000,0.5,3-floor,0,TRI-LEVEL,0,NBHD 9 NEAR LAKES,28,28
411433152007,179,622 GLADSTONE AVE SE,2018,6/25/2018,1910,2,6,3,2,1,2.5,1270,289900,0.09,2-floor,0,TWO STORY,0,NBHD 1 ROBINSON/FRANKLIN/GLADSTONE NW,33,108
411427454014,180,2946 CASCADE RD SE,2018,6/26/2018,1951,2,6,4,2,0,2,2298,395000,0.63,RANCH,1,RANCH,0,NBHD 14 MAIN ROADS,27,67
411804279033,181,2255 BOSTON ST SE,2018,6/26/2018,1959,2,6,3,2,1,2.5,1484,387500,0.24,3-floor,0,TRI-LEVEL,0,NBHD 14 MAIN ROADS,4,59
411433102009,182,422 GLADSTONE AVE SE,2018,6/26/2018,1915,2,6,4,1,1,1.5,1616,322000,0.1,2-floor,0,TWO STORY,0,NBHD 1 ROBINSON/FRANKLIN/GLADSTONE NW,33,103
411427454024,183,262 GRACEWOOD DR SE,2018,6/27/2018,1941,2,6,4,4,1,4.5,3069,592000,0.41,2-floor,0,LG TWO STORY,0,NBHD 8 NORTH OF LAKES,27,77
411803183015,184,2655 BOSTON ST SE,2018,6/27/2018,1956,2,6,4,2,1,2.5,2208,435000,0.23,2-floor,0,TWO STORY,0,NBHD 12 BRETON/NORFOLK SE,3,62
411433155028,185,757 PLYMOUTH RD SE,2018,6/28/2018,1930,2,6,6,4,2,5,4520,1000000,0.48,2-floor,0,LG TWO STORY,0,NBHD 3 ROBINSON/PLYMOUTH/HALL NW,33,88
411433252014,186,704 LOVETT AVE SE,2018,6/28/2018,1922,2,6,3,1,1,1.5,1496,277000,0.11,2-floor,0,MED. TWO STORY,0,NBHD 2 SHERMAN/ROBINSON/PLYMOUTH NW,33,96
411803127004,187,2558 BEECHWOOD DR SE,2018,6/29/2018,2005,2,6,4,3,1,3.5,2880,760000,0.22,2-floor,0,TWO STORY,0,NBHD 11 WOOD STS SE,3,13
411433309006,188,920 CAMBRIDGE DR SE,2018,6/29/2018,1938,2,6,5,3,1,3.5,3076,680000,0.33,2-floor,0,LG TWO STORY,0,NBHD 3 ROBINSON/PLYMOUTH/HALL NW,33,80
411433428021,189,901 MAXWELL AVE SE,2018,6/29/2018,1927,2,6,4,2,1,2.5,2410,490000,0.14,2-floor,0,TWO STORY,0,NBHD 5 LAKE/BRETON/HALL CENTER,33,91
411803302019,190,2615 HAMPSHIRE BLVD SE,2018,6/29/2018,1961,2,6,5,3,1,3.5,3133,450000,0.3,3-floor,0,TRI-LEVEL,0,NBHD 12 BRETON/NORFOLK SE,3,57
411433427007,191,928 ORCHARD AVE SE,2018,6/29/2018,1929,2,6,3,2,1,2.5,2064,449000,0.13,2-floor,0,TWO STORY,0,NBHD 5 LAKE/BRETON/HALL CENTER,33,89
411803203006,192,2807 OAKWOOD DR SE,2018,6/29/2018,1956,2,6,3,2,0,2,2414,412500,0.25,RANCH,1,RANCH,1,NBHD 11 WOOD STS SE,3,62
411433453005,193,1026 SAN JOSE DR SE,2018,6/29/2018,1938,2,6,3,3,0,3,1441,363000,0.14,2-floor,0,MED. TWO STORY,0,NBHD 5 LAKE/BRETON/HALL CENTER,33,80
411433154025,194,1647 FRANKLIN ST SE,2018,6/29/2018,1928,2,6,3,2,1,2.5,1400,289000,0.15,2-floor,0,TWO STORY,0,NBHD 1 ROBINSON/FRANKLIN/GLADSTONE NW,33,90
411428353034,195,1653 WEALTHY ST SE,2018,6/29/2018,1923,2,6,3,1,1,1.5,1412,234000,0.11,2-floor,0,MED. TWO STORY,0,NBHD 14 MAIN ROADS,28,95
411433355002,196,1034 CAMBRIDGE DR SE,2018,6/4/2018,1939,2,6,4,4,2,5,3366,900000,0.32,2-floor,0,LG TWO STORY,0,NBHD 3 ROBINSON/PLYMOUTH/HALL NW,33,79
411433403003,197,2126 SAN LU RAE DR SE,2018,6/5/2018,1941,2,6,4,3,2,4,2759,925000,0.36,2-floor,0,TWO STORY,0,NBHD 5 LAKE/BRETON/HALL CENTER,33,77
411804402023,198,2101 GORHAM DR SE,2018,6/7/2018,1947,2,6,3,1,0,1,1778,315000,0.19,2-floor,0,MED. TWO STORY,0,NBHD 18 BOSTON/GRIGGS SW,4,71
411434476023,199,1141 IDEMA DR SE,2018,6/8/2018,1997,2,6,5,3,1,3.5,2724,820000,0.32,RANCH,1,RANCH,0,NBHD 9 NEAR LAKES,34,21
411803227015,200,3120 SOUTHSHIRE AVE SE,2018,6/8/2018,1961,2,6,3,2,1,2.5,2229,424500,0.34,RANCH,1,RANCH,0,NBHD 17 SE,3,57
411803177021,201,2759 MAPLEWOOD DR SE,2018,6/8/2018,1961,2,6,5,2,1,2.5,2264,420000,0.26,2-floor,0,2 STY; BI-LEVEL,0,NBHD 11 WOOD STS SE,3,57
411433451014,202,1023 SAN JUAN DR SE,2018,6/8/2018,1956,2,6,4,1,1,1.5,1650,390000,0.17,2-floor,0,MED. TWO STORY,0,NBHD 5 LAKE/BRETON/HALL CENTER,33,62
411433251015,203,647 LOVETT AVE SE,2018,6/8/2018,1920,2,6,4,2,1,2.5,2616,220000,0.16,2-floor,0,TWO STORY,0,NBHD 21 DUPLEXES,33,98
411433480010,204,2235 HALL ST SE,2018,7/10/2018,1950,3,7,5,2,0,2,2070,325000,0.25,2-floor,0,MED. TWO STORY,0,NBHD 14 MAIN ROADS,33,68
411433309019,205,915 PLYMOUTH RD SE,2018,7/12/2018,1954,3,7,4,3,1,3.5,2398,589000,0.2,2-floor,0,TWO STORY,0,NBHD 3 ROBINSON/PLYMOUTH/HALL NW,33,64
411434356034,206,1129 EASTWOOD AVE SE,2018,7/12/2018,1956,3,7,3,1,1,1.5,1550,333000,0.15,2-floor,0,MED. TWO STORY,0,NBHD 16 HALL/BRETON/LAKE CENTER,34,62
411434204027,207,509 MANHATTAN RD SE,2018,7/13/2018,2017,3,7,4,4,1,4.5,2704,1020000,0.34,2-floor,0,LG TWO STORY,1,NBHD 9 NEAR LAKES,34,1
411804276009,208,2256 ELMWOOD DR SE,2018,7/13/2018,1967,3,7,4,2,1,2.5,2365,450000,0.26,2-floor,0,TWO STORY,0,NBHD 6 HALL/BRETON SW,4,51
411804231002,209,2302 OAKWOOD DR SE,2018,7/16/2018,1924,3,7,4,2,1,2.5,2469,525000,0.22,2-floor,0,TWO STORY,0,NBHD 6 HALL/BRETON SW,4,94
411803328013,210,1748 DANBY LN SE,2018,7/16/2018,1971,3,7,4,2,1,2.5,2445,425000,0.3,2-floor,0,TWO STORY,0,NBHD 12 BRETON/NORFOLK SE,3,47
411433354012,211,1665 SEMINOLE RD SE,2018,7/16/2018,1951,3,7,3,2,1,2.5,1718,326250,0.25,RANCH,1,RANCH,0,NBHD 3 ROBINSON/PLYMOUTH/HALL NW,33,67
411434476007,212,3025 WOODCLIFF CIR SE,2018,7/17/2018,1955,3,7,4,4,0,4,2220,700000,0.49,RANCH,1,RANCH,0,NBHD 9 NEAR LAKES,34,63
411433207012,213,537 LOVETT AVE SE,2018,7/18/2018,1922,3,7,3,1,0,1,1144,230000,0.07,2-floor,0,MED. TWO STORY,0,NBHD 2 SHERMAN/ROBINSON/PLYMOUTH NW,33,96
411804281017,214,1503 BRETON RD SE,2018,7/19/2018,1953,3,7,3,1,1,1.5,1403,256680,0.22,RANCH,1,RANCH,1,NBHD 14 MAIN ROADS,4,65
411433480011,215,1109 LAKESIDE DR SE,2018,7/2/2018,1955,3,7,2,2,0,2,1231,281000,0.14,RANCH,1,RANCH,0,NBHD 5 LAKE/BRETON/HALL CENTER,33,63
411804405003,216,2126 ENGLEWOOD DR SE,2018,7/20/2018,1946,3,7,3,1,1,1.5,1666,326000,0.18,2-floor,0,MED. TWO STORY,0,NBHD 18 BOSTON/GRIGGS SW,4,72
411433427024,217,947 LAKESIDE DR SE,2018,7/23/2018,1926,3,7,4,1,1,1.5,1888,486500,0.13,2-floor,0,MED. TWO STORY,0,NBHD 5 LAKE/BRETON/HALL CENTER,33,92
411803328025,218,1747 VESTA LN SE,2018,7/23/2018,1968,3,7,4,2,1,2.5,2374,480000,0.3,2-floor,0,TWO STORY,0,NBHD 12 BRETON/NORFOLK SE,3,50
411434378037,219,2663 HALL ST SE,2018,7/26/2018,1969,3,7,4,2,1,2.5,3074,647500,0.38,2-floor,0,LG TWO STORY,0,NBHD 11 WOOD STS SE,34,49
411803129014,220,2715 ELMWOOD DR SE,2018,7/26/2018,1980,3,7,4,2,1,2.5,2812,600000,0.27,2-floor,0,TWO STORY,0,NBHD 11 WOOD STS SE,3,38
411433205015,221,2143 LANSING ST SE,2018,7/27/2018,1962,3,7,2,2,0,2,1732,383500,0.29,RANCH,1,RANCH,0,NBHD 2 SHERMAN/ROBINSON/PLYMOUTH NW,33,56
411804427004,222,2254 BOSTON ST SE,2018,7/27/2018,1959,3,7,3,1,1,1.5,1614,350000,0.19,2-floor,0,MED. TWO STORY,0,NBHD 14 MAIN ROADS,4,59
411433204013,223,2145 DURANT ST SE,2018,7/3/2018,1947,3,7,3,2,0,2,2221,525000,0.9,2-floor,0,MED. TWO STORY,0,NBHD 2 SHERMAN/ROBINSON/PLYMOUTH NW,33,71
411433352008,224,1041 CAMBRIDGE DR SE,2018,7/31/2018,1949,3,7,4,2,2,3,2279,387500,0.21,2-floor,0,TWO STORY,0,NBHD 3 ROBINSON/PLYMOUTH/HALL NW,33,69
411428352002,225,1616 ROBINSON RD SE,2018,7/6/2018,1900,3,7,4,3,0,3,2658,590000,0.24,2-floor,0,MED. TWO STORY,0,NBHD 14 MAIN ROADS,28,118
411434376003,226,2606 LAKE DR SE,2018,7/6/2018,1926,3,7,4,1,2,2,2524,450000,0.37,2-floor,0,MED. TWO STORY,0,NBHD 14 MAIN ROADS,34,92
411803179008,227,2730 MAPLEWOOD DR SE,2018,7/6/2018,1955,3,7,3,1,1,1.5,2103,426000,0.34,2-floor,0,TWO STORY,0,NBHD 11 WOOD STS SE,3,63
411803258008,228,1552 SHERWOOD AVE SE,2018,7/6/2018,1980,3,7,4,1,2,2,1456,388500,0.24,RANCH,1,RANCH,0,NBHD 17 SE,3,38
411804207008,229,1348 LENOX RD SE,2018,7/9/2018,1957,3,7,3,3,0,3,2320,407500,0.24,RANCH,1,RANCH,0,NBHD 6 HALL/BRETON SW,4,61
411804202002,230,2050 ANDERSON DR SE,2018,7/9/2018,1945,3,7,4,1,0,1,972,168600,0.25,RANCH,1,RANCH,0,NBHD 6 HALL/BRETON SW,4,73
411434451002,231,2828 BONNELL AVE SE,2018,8/1/2018,1951,3,8,5,4,2,5,4464,1125000,0.5,2-floor,0,LG TWO STORY,0,NBHD 9 NEAR LAKES,34,67
411427453015,232,315 GRACEWOOD DR SE,2018,8/1/2018,1959,3,8,4,3,1,3.5,2850,925000,0.5,2-floor,0,TWO STORY,0,NBHD 8 NORTH OF LAKES,27,59
411433327013,233,937 SAN LUCIA DR SE,2018,8/1/2018,1929,3,8,4,3,2,4,3650,900000,0.41,2-floor,0,TWO STORY,0,NBHD 20 LAKE/ARGENTINA WEST,33,89
411433402012,234,857 FLORAL AVE SE,2018,8/1/2018,1928,3,8,4,2,2,3,2908,642500,0.26,2-floor,0,TWO STORY,0,NBHD 5 LAKE/BRETON/HALL CENTER,33,90
411433402020,235,955 FLORAL AVE SE,2018,8/1/2018,1926,3,8,4,2,2,3,2283,509000,0.24,2-floor,0,TWO STORY,0,NBHD 5 LAKE/BRETON/HALL CENTER,33,92
411433129011,236,559 LAUREL AVE SE,2018,8/1/2018,1918,3,8,4,2,1,2.5,2088,490000,0.16,2-floor,0,MED. TWO STORY,0,NBHD 2 SHERMAN/ROBINSON/PLYMOUTH NW,33,100
411434402008,237,2951 BONNELL AVE SE,2018,8/10/2018,1928,3,8,5,4,1,4.5,5398,3475000,2.19,2-floor,0,LG TWO STORY,0,NBHD 10 LAKES,34,90
411433403007,238,858 FLORAL AVE SE,2018,8/10/2018,1922,3,8,4,2,2,3,3503,859000,0.24,2-floor,0,MED. TWO STORY,0,NBHD 5 LAKE/BRETON/HALL CENTER,33,96
411803255008,239,1450 EDGEWOOD AVE SE,2018,8/10/2018,1923,3,8,4,5,1,5.5,3807,729000,0.34,2-floor,0,LG TWO STORY,0,NBHD 17 SE,3,95
411433151030,240,725 GLADSTONE AVE SE,2018,8/10/2018,1909,3,8,2,1,0,1,1044,241000,0.15,2-floor,0,TWO STORY,0,NBHD 1 ROBINSON/FRANKLIN/GLADSTONE NW,33,109
411433129008,241,600 LOCUST AVE SE,2018,8/13/2018,1924,3,8,5,2,1,2.5,2718,539500,0.16,2-floor,0,MED. TWO STORY,1,NBHD 2 SHERMAN/ROBINSON/PLYMOUTH NW,33,94
411433428010,242,920 LAKESIDE DR SE,2018,8/16/2018,1922,3,8,4,3,0,3,2601,680000,0.28,2-floor,0,TWO STORY,0,NBHD 5 LAKE/BRETON/HALL CENTER,33,96
411433427021,243,933 LAKESIDE DR SE,2018,8/16/2018,1931,3,8,4,2,1,2.5,2650,564000,0.13,2-floor,0,TWO STORY,0,NBHD 5 LAKE/BRETON/HALL CENTER,33,87
411803177006,244,2730 ELMWOOD DR SE,2018,8/17/2018,1949,3,8,3,2,2,3,1734,585000,0.33,RANCH,1,RANCH,0,NBHD 11 WOOD STS SE,3,69
411804254002,245,1406 LAUREL AVE SE,2018,8/17/2018,1964,3,8,4,2,0,2,2000,378000,0.22,2-floor,0,2 STY; BI-LEVEL,1,NBHD 18 BOSTON/GRIGGS SW,4,54
411804432005,246,1770 OXFORD RD SE,2018,8/17/2018,1952,3,8,2,2,0,2,1570,267500,0.22,2-floor,0,MED. TWO STORY,0,NBHD 18 BOSTON/GRIGGS SW,4,66
411433401017,247,915 SAN JOSE DR SE,2018,8/20/2018,1929,3,8,5,3,2,4,4120,1193900,0.39,2-floor,0,LG TWO STORY,0,NBHD 20 LAKE/ARGENTINA WEST,33,89
411803260006,248,1546 EDGEWOOD AVE SE,2018,8/20/2018,1957,3,8,4,2,0,2,1188,500000,0.22,RANCH,1,RANCH,0,NBHD 17 SE,3,61
411433452004,249,1022 SAN JUAN DR SE,2018,8/20/2018,1952,3,8,3,2,1,2.5,2040,435400,0.14,2-floor,0,TWO STORY,0,NBHD 5 LAKE/BRETON/HALL CENTER,33,66
411433152026,250,623 ROSEWOOD AVE SE,2018,8/21/2018,1929,3,8,5,3,0,3,1821,350000,0.11,2-floor,0,TWO STORY,0,NBHD 1 ROBINSON/FRANKLIN/GLADSTONE NW,33,89
411433176015,251,709 CARDINAL DR SE,2018,8/27/2018,1968,3,8,4,3,1,3.5,4790,1265000,0.52,RANCH,1,RANCH,0,NBHD 20 LAKE/ARGENTINA WEST,33,50
411434451007,252,2950 BONNELL AVE SE,2018,8/27/2018,1930,3,8,4,2,1,2.5,2855,875000,0.7,2-floor,0,TWO STORY,0,NBHD 9 NEAR LAKES,34,88
411804281012,253,1427 BRETON RD SE,2018,8/29/2018,1927,3,8,4,2,1,2.5,2943,414650,0.32,2-floor,0,MED. TWO STORY,0,NBHD 14 MAIN ROADS,4,91
411803328068,254,1720 ANDOVER LN SE,2018,8/29/2018,1990,3,8,5,3,1,3.5,2081,338500,0.25,2-floor,0,TWO STORY,0,NBHD 12 BRETON/NORFOLK SE,3,28
411428351017,255,1607 WEALTHY ST SE,2018,8/29/2018,1930,3,8,3,1,0,1,1496,275000,0.11,2-floor,0,MED. TWO STORY,0,NBHD 14 MAIN ROADS,28,88
411433403021,256,861 PINECREST AVE SE,2018,8/3/2018,1937,3,8,4,2,1,2.5,2239,561000,0.24,2-floor,0,TWO STORY,0,NBHD 5 LAKE/BRETON/HALL CENTER,33,81
411803206005,257,2926 OAKWOOD DR SE,2018,8/3/2018,1951,3,8,3,3,0,3,1620,362000,0.27,2-floor,0,TWO STORY,0,NBHD 17 SE,3,67
411804426001,258,1609 OXFORD RD SE,2018,8/3/2018,1969,3,8,4,2,1,2.5,1788,289000,0.26,2-floor,0,2 STY; BI-LEVEL,0,NBHD 18 BOSTON/GRIGGS SW,4,49
411803327015,259,1614 ANDOVER RD SE,2018,8/30/2018,1963,3,8,4,2,1,2.5,2580,410000,0.29,2-floor,0,TWO STORY,0,NBHD 12 BRETON/NORFOLK SE,3,55
411803180006,260,2540 RICHARDS DR SE,2018,8/30/2018,1957,3,8,4,2,0,2,1826,272000,0.13,2-floor,0,MED. TWO STORY,0,NBHD 7 BRETON S,3,61
411804277026,261,1435 EASTLAWN RD SE,2018,8/30/2018,1959,3,8,3,1,0,1,1129,255000,0.13,RANCH,1,RANCH,0,NBHD 7 BRETON S,4,59
411433251020,262,671 LOVETT AVE SE,2018,8/31/2018,2011,3,8,4,3,1,3.5,1794,695000,0.15,2-floor,0,MED. TWO STORY,0,NBHD 2 SHERMAN/ROBINSON/PLYMOUTH NW,33,7
411803204024,263,1301 WOODCLIFF DR SE,2018,8/31/2018,1954,3,8,4,2,1,2.5,2252,460000,0.26,2-floor,0,TWO STORY,0,NBHD 17 SE,3,64
411804279016,264,2238 HEATHER CT SE,2018,8/31/2018,1959,3,8,3,2,0,2,1762,385000,0.31,3-floor,0,TRI-LEVEL,0,NBHD 18 BOSTON/GRIGGS SW,4,59
411803126027,265,2605 BEECHWOOD DR SE,2018,8/31/2018,1956,3,8,3,2,1,2.5,1896,332000,0.27,3-floor,0,TRI-LEVEL,0,NBHD 11 WOOD STS SE,3,62
411804429012,266,1715 WHITFIELD RD SE,2018,8/31/2018,1966,3,8,3,2,0,2,1640,303900,0.21,2-floor,0,MED. TWO STORY,0,NBHD 18 BOSTON/GRIGGS SW,4,52
411433480020,267,1155 LAKESIDE DR SE,2018,8/31/2018,1946,3,8,4,2,0,2,1330,246000,0.13,2-floor,0,MED. TWO STORY,0,NBHD 5 LAKE/BRETON/HALL CENTER,33,72
411803181012,268,2732 RICHARDS DR SE,2018,8/31/2018,1952,3,8,3,1,0,1,904,210000,0.13,RANCH,1,RANCH,0,NBHD 7 BRETON S,3,66
411433155009,269,712 CAMBRIDGE BLVD SE,2018,8/6/2018,1915,3,8,5,3,2,4,4022,906000,0.43,2-floor,0,LG TWO STORY,0,NBHD 3 ROBINSON/PLYMOUTH/HALL NW,33,103
411433429007,270,922 MAXWELL AVE SE,2018,8/6/2018,1923,3,8,3,2,0,2,1653,445000,0.14,2-floor,0,MED. TWO STORY,0,NBHD 5 LAKE/BRETON/HALL CENTER,33,95
411434355029,271,1139 LAKE GROVE AVE SE,2018,8/6/2018,1953,3,8,4,2,0,2,1196,330000,0.14,RANCH,1,RANCH,0,NBHD 16 HALL/BRETON/LAKE CENTER,34,65
411434356040,272,2535 HALL ST SE,2018,8/8/2018,2015,3,8,5,3,1,3.5,2332,595000,0.32,2-floor,0,MED. TWO STORY,0,NBHD 16 HALL/BRETON/LAKE CENTER,34,3
411428354013,273,1750 ROBINSON RD SE,2018,8/8/2018,1924,3,8,4,2,1,2.5,2772,480000,0.67,2-floor,0,MED. TWO STORY,0,NBHD 14 MAIN ROADS,28,94
411433457007,274,2100 BURCHARD ST SE,2018,9/10/2018,1891,3,9,4,2,1,2.5,2593,565000,0.31,2-floor,0,TWO STORY,0,NBHD 5 LAKE/BRETON/HALL CENTER,33,127
411434353002,275,1030 BRETON RD SE,2018,9/10/2018,1938,3,9,3,2,0,2,996,253000,0.21,2-floor,0,MED. TWO STORY,0,NBHD 14 MAIN ROADS,34,80
411803155003,276,2442 ALBERT DR SE,2018,9/10/2018,1950,3,9,3,2,0,2,1079,220000,0.19,RANCH,1,RANCH,0,NBHD 7 BRETON S,3,68
411803260003,277,1520 EDGEWOOD AVE SE,2018,9/11/2018,1955,3,9,4,2,0,2,1452,360000,0.31,RANCH,1,RANCH,0,NBHD 17 SE,3,63
411804277003,278,2210 ESTELLE DR SE,2018,9/13/2018,1950,3,9,3,1,1,1.5,1068,235000,0.13,2-floor,0,MED. TWO STORY,0,NBHD 7 BRETON S,4,68
411433203006,279,554 BELVEDERE DR SE,2018,9/14/2018,1968,3,9,4,2,1,2.5,2429,420000,0.18,2-floor,0,TWO STORY,0,NBHD 9 NEAR LAKES,33,50
411427482001,280,300 ARLINGTON DR SE,2018,9/14/2018,1983,3,9,3,2,0,2,1396,185000,0.22,RANCH,1,RANCH,0,NBHD 8 NORTH OF LAKES,27,35
411803176004,281,2550 ELMWOOD DR SE,2018,9/18/2018,1948,3,9,3,2,0,2,1356,235455,0.32,RANCH,1,RANCH,0,NBHD 11 WOOD STS SE,3,70
411803182014,282,2531 BOSTON ST SE,2018,9/21/2018,1958,3,9,3,1,1,1.5,1590,310000,0.17,3-floor,0,TRI-LEVEL,0,NBHD 12 BRETON/NORFOLK SE,3,60
411433227005,283,524 LAKESIDE DR SE,2018,9/24/2018,1956,3,9,2,2,0,2,2060,1000000,0.38,RANCH,1,RANCH,0,NBHD 10 LAKES,33,62
411433481009,284,1148 LAKESIDE DR SE,2018,9/24/2018,1945,3,9,3,1,0,1,900,165000,0.13,2-floor,0,MED. TWO STORY,0,NBHD 5 LAKE/BRETON/HALL CENTER,33,73
411434202007,285,417 MANHATTAN RD SE,2018,9/28/2018,1952,3,9,4,4,1,4.5,2389,979000,0.65,RANCH,1,RANCH,1,NBHD 9 NEAR LAKES,34,66
411433401023,286,961 SAN JOSE DR SE,2018,9/28/2018,1951,3,9,3,2,1,2.5,1796,523500,0.24,2-floor,0,TWO STORY,0,NBHD 20 LAKE/ARGENTINA WEST,33,67
411434355005,287,1064 KENESAW DR SE,2018,9/28/2018,1951,3,9,3,1,1,1.5,1138,245000,0.13,RANCH,1,RANCH,0,NBHD 16 HALL/BRETON/LAKE CENTER,34,67
411803260013,288,1539 WOODCLIFF DR SE,2018,9/7/2018,1967,3,9,4,3,1,3.5,1832,463000,0.21,3-floor,0,TRI-LEVEL,0,NBHD 17 SE,3,51
